task,controller,seed,total_reward,avg_queue_per_lane,success
rush_hour_control,ppo,0,-12413.00,31.032,False
rush_hour_control,ppo,1,-13031.00,32.578,False
rush_hour_control,ppo,2,-11406.00,28.515,False
rush_hour_control,ppo,3,-15046.00,37.615,False
rush_hour_control,ppo,4,-15121.00,37.803,False
rush_hour_control,ppo,5,-13475.00,33.688,False
rush_hour_control,ppo,6,-13642.00,34.105,False
rush_hour_control,ppo,7,-12513.00,31.282,False
rush_hour_control,ppo,8,-13367.00,33.417,False
rush_hour_control,ppo,9,-14421.00,36.053,False
rush_hour_control,ppo,10,-10871.00,27.177,False
rush_hour_control,ppo,11,-13970.00,34.925,False
rush_hour_control,ppo,12,-13181.00,32.953,False
rush_hour_control,ppo,13,-10648.00,26.620,False
rush_hour_control,ppo,14,-12465.00,31.163,False
rush_hour_control,ppo,15,-10115.00,25.288,False
rush_hour_control,ppo,16,-11586.00,28.965,False
rush_hour_control,ppo,17,-14915.00,37.288,False
rush_hour_control,ppo,18,-14480.00,36.200,False
rush_hour_control,ppo,19,-11204.00,28.010,False
rush_hour_control,ppo,20,-14498.00,36.245,False
rush_hour_control,ppo,21,-12437.00,31.093,False
rush_hour_control,ppo,22,-12470.00,31.175,False
rush_hour_control,ppo,23,-8930.00,22.325,False
rush_hour_control,ppo,24,-15387.00,38.468,False
rush_hour_control,ppo,25,-13629.00,34.072,False
rush_hour_control,ppo,26,-15025.00,37.562,False
rush_hour_control,ppo,27,-13770.00,34.425,False
rush_hour_control,ppo,28,-12033.00,30.082,False
rush_hour_control,ppo,29,-13387.00,33.468,False
rush_hour_control,ppo,30,-12853.00,32.133,False
rush_hour_control,ppo,31,-12117.00,30.293,False
rush_hour_control,ppo,32,-15404.00,38.510,False
rush_hour_control,ppo,33,-16532.00,41.330,False
rush_hour_control,ppo,34,-11356.00,28.390,False
rush_hour_control,ppo,35,-15749.00,39.373,False
rush_hour_control,ppo,36,-12999.00,32.498,False
rush_hour_control,ppo,37,-14937.00,37.343,False
rush_hour_control,ppo,38,-13455.00,33.638,False
rush_hour_control,ppo,39,-16310.00,40.775,False
rush_hour_control,ppo,40,-12913.00,32.282,False
rush_hour_control,ppo,41,-11653.00,29.133,False
rush_hour_control,ppo,42,-11546.00,28.865,False
rush_hour_control,ppo,43,-13325.00,33.312,False
rush_hour_control,ppo,44,-15060.00,37.650,False
rush_hour_control,ppo,45,-12124.00,30.310,False
rush_hour_control,ppo,46,-8377.00,20.942,False
rush_hour_control,ppo,47,-16390.00,40.975,False
rush_hour_control,ppo,48,-12977.00,32.443,False
rush_hour_control,ppo,49,-12866.00,32.165,False
rush_hour_control,greedy,0,-12268.00,30.670,False
rush_hour_control,greedy,1,-12580.00,31.450,False
rush_hour_control,greedy,2,-11406.00,28.515,False
rush_hour_control,greedy,3,-14001.00,35.002,False
rush_hour_control,greedy,4,-15121.00,37.803,False
rush_hour_control,greedy,5,-13470.00,33.675,False
rush_hour_control,greedy,6,-13472.00,33.680,False
rush_hour_control,greedy,7,-12513.00,31.282,False
rush_hour_control,greedy,8,-13367.00,33.417,False
rush_hour_control,greedy,9,-14337.00,35.843,False
rush_hour_control,greedy,10,-10871.00,27.177,False
rush_hour_control,greedy,11,-13970.00,34.925,False
rush_hour_control,greedy,12,-13181.00,32.953,False
rush_hour_control,greedy,13,-10648.00,26.620,False
rush_hour_control,greedy,14,-12465.00,31.163,False
rush_hour_control,greedy,15,-10015.00,25.038,False
rush_hour_control,greedy,16,-11586.00,28.965,False
rush_hour_control,greedy,17,-14590.00,36.475,False
rush_hour_control,greedy,18,-14480.00,36.200,False
rush_hour_control,greedy,19,-10999.00,27.497,False
rush_hour_control,greedy,20,-14197.00,35.492,False
rush_hour_control,greedy,21,-12260.00,30.650,False
rush_hour_control,greedy,22,-12102.00,30.255,False
rush_hour_control,greedy,23,-8340.00,20.850,False
rush_hour_control,greedy,24,-15309.00,38.273,False
rush_hour_control,greedy,25,-13549.00,33.873,False
rush_hour_control,greedy,26,-14768.00,36.920,False
rush_hour_control,greedy,27,-13747.00,34.367,False
rush_hour_control,greedy,28,-12033.00,30.082,False
rush_hour_control,greedy,29,-13372.00,33.430,False
rush_hour_control,greedy,30,-12845.00,32.112,False
rush_hour_control,greedy,31,-12054.00,30.135,False
rush_hour_control,greedy,32,-15129.00,37.822,False
rush_hour_control,greedy,33,-16334.00,40.835,False
rush_hour_control,greedy,34,-11356.00,28.390,False
rush_hour_control,greedy,35,-15651.00,39.127,False
rush_hour_control,greedy,36,-12321.00,30.802,False
rush_hour_control,greedy,37,-14922.00,37.305,False
rush_hour_control,greedy,38,-13416.00,33.540,False
rush_hour_control,greedy,39,-16310.00,40.775,False
rush_hour_control,greedy,40,-12913.00,32.282,False
rush_hour_control,greedy,41,-11662.00,29.155,False
rush_hour_control,greedy,42,-11487.00,28.718,False
rush_hour_control,greedy,43,-13324.00,33.310,False
rush_hour_control,greedy,44,-15060.00,37.650,False
rush_hour_control,greedy,45,-12111.00,30.277,False
rush_hour_control,greedy,46,-8085.00,20.212,False
rush_hour_control,greedy,47,-16390.00,40.975,False
rush_hour_control,greedy,48,-12973.00,32.432,False
rush_hour_control,greedy,49,-12788.00,31.970,False
rush_hour_control,fixed_1,0,-12268.00,30.670,False
rush_hour_control,fixed_1,1,-13214.00,33.035,False
rush_hour_control,fixed_1,2,-11406.00,28.515,False
rush_hour_control,fixed_1,3,-14001.00,35.002,False
rush_hour_control,fixed_1,4,-15121.00,37.803,False
rush_hour_control,fixed_1,5,-13470.00,33.675,False
rush_hour_control,fixed_1,6,-13472.00,33.680,False
rush_hour_control,fixed_1,7,-12513.00,31.282,False
rush_hour_control,fixed_1,8,-13367.00,33.417,False
rush_hour_control,fixed_1,9,-14337.00,35.843,False
rush_hour_control,fixed_1,10,-10871.00,27.177,False
rush_hour_control,fixed_1,11,-13970.00,34.925,False
rush_hour_control,fixed_1,12,-13181.00,32.953,False
rush_hour_control,fixed_1,13,-10648.00,26.620,False
rush_hour_control,fixed_1,14,-12465.00,31.163,False
rush_hour_control,fixed_1,15,-10015.00,25.038,False
rush_hour_control,fixed_1,16,-11586.00,28.965,False
rush_hour_control,fixed_1,17,-14590.00,36.475,False
rush_hour_control,fixed_1,18,-14480.00,36.200,False
rush_hour_control,fixed_1,19,-10999.00,27.497,False
rush_hour_control,fixed_1,20,-14197.00,35.492,False
rush_hour_control,fixed_1,21,-12260.00,30.650,False
rush_hour_control,fixed_1,22,-12102.00,30.255,False
rush_hour_control,fixed_1,23,-8347.00,20.867,False
rush_hour_control,fixed_1,24,-15309.00,38.273,False
rush_hour_control,fixed_1,25,-13549.00,33.873,False
rush_hour_control,fixed_1,26,-14768.00,36.920,False
rush_hour_control,fixed_1,27,-13747.00,34.367,False
rush_hour_control,fixed_1,28,-12033.00,30.082,False
rush_hour_control,fixed_1,29,-13372.00,33.430,False
rush_hour_control,fixed_1,30,-12845.00,32.112,False
rush_hour_control,fixed_1,31,-12054.00,30.135,False
rush_hour_control,fixed_1,32,-15129.00,37.822,False
rush_hour_control,fixed_1,33,-16334.00,40.835,False
rush_hour_control,fixed_1,34,-11356.00,28.390,False
rush_hour_control,fixed_1,35,-15651.00,39.127,False
rush_hour_control,fixed_1,36,-12321.00,30.802,False
rush_hour_control,fixed_1,37,-14922.00,37.305,False
rush_hour_control,fixed_1,38,-13416.00,33.540,False
rush_hour_control,fixed_1,39,-16310.00,40.775,False
rush_hour_control,fixed_1,40,-12913.00,32.282,False
rush_hour_control,fixed_1,41,-11399.00,28.497,False
rush_hour_control,fixed_1,42,-11639.00,29.098,False
rush_hour_control,fixed_1,43,-13324.00,33.310,False
rush_hour_control,fixed_1,44,-15060.00,37.650,False
rush_hour_control,fixed_1,45,-12111.00,30.277,False
rush_hour_control,fixed_1,46,-8355.00,20.887,False
rush_hour_control,fixed_1,47,-16390.00,40.975,False
rush_hour_control,fixed_1,48,-12973.00,32.432,False
rush_hour_control,fixed_1,49,-12788.00,31.970,False
rush_hour_control,fixed_2,0,-12268.00,30.670,False
rush_hour_control,fixed_2,1,-13342.00,33.355,False
rush_hour_control,fixed_2,2,-11406.00,28.515,False
rush_hour_control,fixed_2,3,-14096.00,35.240,False
rush_hour_control,fixed_2,4,-15121.00,37.803,False
rush_hour_control,fixed_2,5,-13470.00,33.675,False
rush_hour_control,fixed_2,6,-13472.00,33.680,False
rush_hour_control,fixed_2,7,-12513.00,31.282,False
rush_hour_control,fixed_2,8,-13367.00,33.417,False
rush_hour_control,fixed_2,9,-14337.00,35.843,False
rush_hour_control,fixed_2,10,-11156.00,27.890,False
rush_hour_control,fixed_2,11,-13970.00,34.925,False
rush_hour_control,fixed_2,12,-13181.00,32.953,False
rush_hour_control,fixed_2,13,-10648.00,26.620,False
rush_hour_control,fixed_2,14,-12750.00,31.875,False
rush_hour_control,fixed_2,15,-10110.00,25.275,False
rush_hour_control,fixed_2,16,-11586.00,28.965,False
rush_hour_control,fixed_2,17,-14590.00,36.475,False
rush_hour_control,fixed_2,18,-14480.00,36.200,False
rush_hour_control,fixed_2,19,-10999.00,27.497,False
rush_hour_control,fixed_2,20,-14197.00,35.492,False
rush_hour_control,fixed_2,21,-12260.00,30.650,False
rush_hour_control,fixed_2,22,-12102.00,30.255,False
rush_hour_control,fixed_2,23,-8341.00,20.852,False
rush_hour_control,fixed_2,24,-15309.00,38.273,False
rush_hour_control,fixed_2,25,-13549.00,33.873,False
rush_hour_control,fixed_2,26,-14768.00,36.920,False
rush_hour_control,fixed_2,27,-13846.00,34.615,False
rush_hour_control,fixed_2,28,-12033.00,30.082,False
rush_hour_control,fixed_2,29,-13372.00,33.430,False
rush_hour_control,fixed_2,30,-12845.00,32.112,False
rush_hour_control,fixed_2,31,-12054.00,30.135,False
rush_hour_control,fixed_2,32,-15129.00,37.822,False
rush_hour_control,fixed_2,33,-16334.00,40.835,False
rush_hour_control,fixed_2,34,-11546.00,28.865,False
rush_hour_control,fixed_2,35,-15651.00,39.127,False
rush_hour_control,fixed_2,36,-12321.00,30.802,False
rush_hour_control,fixed_2,37,-14922.00,37.305,False
rush_hour_control,fixed_2,38,-13416.00,33.540,False
rush_hour_control,fixed_2,39,-16310.00,40.775,False
rush_hour_control,fixed_2,40,-12913.00,32.282,False
rush_hour_control,fixed_2,41,-11673.00,29.183,False
rush_hour_control,fixed_2,42,-11665.00,29.163,False
rush_hour_control,fixed_2,43,-13324.00,33.310,False
rush_hour_control,fixed_2,44,-15060.00,37.650,False
rush_hour_control,fixed_2,45,-12111.00,30.277,False
rush_hour_control,fixed_2,46,-8177.00,20.442,False
rush_hour_control,fixed_2,47,-16390.00,40.975,False
rush_hour_control,fixed_2,48,-12973.00,32.432,False
rush_hour_control,fixed_2,49,-12788.00,31.970,False
rush_hour_control,fixed_3,0,-12268.00,30.670,False
rush_hour_control,fixed_3,1,-13627.00,34.068,False
rush_hour_control,fixed_3,2,-11406.00,28.515,False
rush_hour_control,fixed_3,3,-14093.00,35.233,False
rush_hour_control,fixed_3,4,-15121.00,37.803,False
rush_hour_control,fixed_3,5,-13470.00,33.675,False
rush_hour_control,fixed_3,6,-13472.00,33.680,False
rush_hour_control,fixed_3,7,-12513.00,31.282,False
rush_hour_control,fixed_3,8,-13367.00,33.417,False
rush_hour_control,fixed_3,9,-14631.00,36.578,False
rush_hour_control,fixed_3,10,-11165.00,27.913,False
rush_hour_control,fixed_3,11,-14068.00,35.170,False
rush_hour_control,fixed_3,12,-13279.00,33.197,False
rush_hour_control,fixed_3,13,-10648.00,26.620,False
rush_hour_control,fixed_3,14,-12661.00,31.652,False
rush_hour_control,fixed_3,15,-10299.00,25.747,False
rush_hour_control,fixed_3,16,-11684.00,29.210,False
rush_hour_control,fixed_3,17,-14590.00,36.475,False
rush_hour_control,fixed_3,18,-14676.00,36.690,False
rush_hour_control,fixed_3,19,-11097.00,27.742,False
rush_hour_control,fixed_3,20,-14197.00,35.492,False
rush_hour_control,fixed_3,21,-12456.00,31.140,False
rush_hour_control,fixed_3,22,-12396.00,30.990,False
rush_hour_control,fixed_3,23,-8322.00,20.805,False
rush_hour_control,fixed_3,24,-15309.00,38.273,False
rush_hour_control,fixed_3,25,-13549.00,33.873,False
rush_hour_control,fixed_3,26,-14768.00,36.920,False
rush_hour_control,fixed_3,27,-13846.00,34.615,False
rush_hour_control,fixed_3,28,-12033.00,30.082,False
rush_hour_control,fixed_3,29,-13372.00,33.430,False
rush_hour_control,fixed_3,30,-12845.00,32.112,False
rush_hour_control,fixed_3,31,-12054.00,30.135,False
rush_hour_control,fixed_3,32,-15129.00,37.822,False
rush_hour_control,fixed_3,33,-16432.00,41.080,False
rush_hour_control,fixed_3,34,-11552.00,28.880,False
rush_hour_control,fixed_3,35,-15651.00,39.127,False
rush_hour_control,fixed_3,36,-12419.00,31.047,False
rush_hour_control,fixed_3,37,-14922.00,37.305,False
rush_hour_control,fixed_3,38,-13416.00,33.540,False
rush_hour_control,fixed_3,39,-16310.00,40.775,False
rush_hour_control,fixed_3,40,-12913.00,32.282,False
rush_hour_control,fixed_3,41,-11684.00,29.210,False
rush_hour_control,fixed_3,42,-11998.00,29.995,False
rush_hour_control,fixed_3,43,-13324.00,33.310,False
rush_hour_control,fixed_3,44,-15060.00,37.650,False
rush_hour_control,fixed_3,45,-12111.00,30.277,False
rush_hour_control,fixed_3,46,-8173.00,20.433,False
rush_hour_control,fixed_3,47,-16488.00,41.220,False
rush_hour_control,fixed_3,48,-12973.00,32.432,False
rush_hour_control,fixed_3,49,-12788.00,31.970,False
rush_hour_control,fixed_5,0,-12268.00,30.670,False
rush_hour_control,fixed_5,1,-14099.00,35.248,False
rush_hour_control,fixed_5,2,-11888.00,29.720,False
rush_hour_control,fixed_5,3,-14386.00,35.965,False
rush_hour_control,fixed_5,4,-15121.00,37.803,False
rush_hour_control,fixed_5,5,-13470.00,33.675,False
rush_hour_control,fixed_5,6,-13568.00,33.920,False
rush_hour_control,fixed_5,7,-12513.00,31.282,False
rush_hour_control,fixed_5,8,-13367.00,33.417,False
rush_hour_control,fixed_5,9,-15017.00,37.542,False
rush_hour_control,fixed_5,10,-11743.00,29.358,False
rush_hour_control,fixed_5,11,-14262.00,35.655,False
rush_hour_control,fixed_5,12,-13570.00,33.925,False
rush_hour_control,fixed_5,13,-10927.00,27.317,False
rush_hour_control,fixed_5,14,-13047.00,32.617,False
rush_hour_control,fixed_5,15,-10596.00,26.490,False
rush_hour_control,fixed_5,16,-12071.00,30.177,False
rush_hour_control,fixed_5,17,-14590.00,36.475,False
rush_hour_control,fixed_5,18,-14772.00,36.930,False
rush_hour_control,fixed_5,19,-11194.00,27.985,False
rush_hour_control,fixed_5,20,-14197.00,35.492,False
rush_hour_control,fixed_5,21,-12735.00,31.837,False
rush_hour_control,fixed_5,22,-12589.00,31.473,False
rush_hour_control,fixed_5,23,-8695.00,21.738,False
rush_hour_control,fixed_5,24,-15309.00,38.273,False
rush_hour_control,fixed_5,25,-13721.00,34.303,False
rush_hour_control,fixed_5,26,-14844.00,37.110,False
rush_hour_control,fixed_5,27,-14232.00,35.580,False
rush_hour_control,fixed_5,28,-12033.00,30.082,False
rush_hour_control,fixed_5,29,-13372.00,33.430,False
rush_hour_control,fixed_5,30,-12845.00,32.112,False
rush_hour_control,fixed_5,31,-12441.00,31.102,False
rush_hour_control,fixed_5,32,-15225.00,38.062,False
rush_hour_control,fixed_5,33,-16626.00,41.565,False
rush_hour_control,fixed_5,34,-11938.00,29.845,False
rush_hour_control,fixed_5,35,-15651.00,39.127,False
rush_hour_control,fixed_5,36,-12612.00,31.530,False
rush_hour_control,fixed_5,37,-14922.00,37.305,False
rush_hour_control,fixed_5,38,-13416.00,33.540,False
rush_hour_control,fixed_5,39,-16310.00,40.775,False
rush_hour_control,fixed_5,40,-13481.00,33.703,False
rush_hour_control,fixed_5,41,-11970.00,29.925,False
rush_hour_control,fixed_5,42,-12657.00,31.642,False
rush_hour_control,fixed_5,43,-13324.00,33.310,False
rush_hour_control,fixed_5,44,-15157.00,37.892,False
rush_hour_control,fixed_5,45,-12379.00,30.948,False
rush_hour_control,fixed_5,46,-8564.00,21.410,False
rush_hour_control,fixed_5,47,-16680.00,41.700,False
rush_hour_control,fixed_5,48,-13165.00,32.913,False
rush_hour_control,fixed_5,49,-12788.00,31.970,False
rush_hour_control,fixed_10,0,-12738.00,31.845,False
rush_hour_control,fixed_10,1,-15329.00,38.322,False
rush_hour_control,fixed_10,2,-13011.00,32.528,False
rush_hour_control,fixed_10,3,-15408.00,38.520,False
rush_hour_control,fixed_10,4,-15121.00,37.803,False
rush_hour_control,fixed_10,5,-13930.00,34.825,False
rush_hour_control,fixed_10,6,-14863.00,37.157,False
rush_hour_control,fixed_10,7,-13068.00,32.670,False
rush_hour_control,fixed_10,8,-14016.00,35.040,False
rush_hour_control,fixed_10,9,-15678.00,39.195,False
rush_hour_control,fixed_10,10,-13044.00,32.610,False
rush_hour_control,fixed_10,11,-14451.00,36.127,False
rush_hour_control,fixed_10,12,-14027.00,35.068,False
rush_hour_control,fixed_10,13,-11491.00,28.727,False
rush_hour_control,fixed_10,14,-13792.00,34.480,False
rush_hour_control,fixed_10,15,-11628.00,29.070,False
rush_hour_control,fixed_10,16,-12630.00,31.575,False
rush_hour_control,fixed_10,17,-14872.00,37.180,False
rush_hour_control,fixed_10,18,-15697.00,39.242,False
rush_hour_control,fixed_10,19,-11194.00,27.985,False
rush_hour_control,fixed_10,20,-14844.00,37.110,False
rush_hour_control,fixed_10,21,-13856.00,34.640,False
rush_hour_control,fixed_10,22,-13420.00,33.550,False
rush_hour_control,fixed_10,23,-9422.00,23.555,False
rush_hour_control,fixed_10,24,-15400.00,38.500,False
rush_hour_control,fixed_10,25,-14758.00,36.895,False
rush_hour_control,fixed_10,26,-15260.00,38.150,False
rush_hour_control,fixed_10,27,-14692.00,36.730,False
rush_hour_control,fixed_10,28,-12501.00,31.253,False
rush_hour_control,fixed_10,29,-13645.00,34.112,False
rush_hour_control,fixed_10,30,-14053.00,35.133,False
rush_hour_control,fixed_10,31,-12820.00,32.050,False
rush_hour_control,fixed_10,32,-15785.00,39.462,False
rush_hour_control,fixed_10,33,-16626.00,41.565,False
rush_hour_control,fixed_10,34,-12584.00,31.460,False
rush_hour_control,fixed_10,35,-16210.00,40.525,False
rush_hour_control,fixed_10,36,-13542.00,33.855,False
rush_hour_control,fixed_10,37,-15289.00,38.222,False
rush_hour_control,fixed_10,38,-13416.00,33.540,False
rush_hour_control,fixed_10,39,-17147.00,42.867,False
rush_hour_control,fixed_10,40,-13949.00,34.873,False
rush_hour_control,fixed_10,41,-12462.00,31.155,False
rush_hour_control,fixed_10,42,-13369.00,33.422,False
rush_hour_control,fixed_10,43,-13763.00,34.407,False
rush_hour_control,fixed_10,44,-15896.00,39.740,False
rush_hour_control,fixed_10,45,-12763.00,31.907,False
rush_hour_control,fixed_10,46,-9490.00,23.725,False
rush_hour_control,fixed_10,47,-16957.00,42.392,False
rush_hour_control,fixed_10,48,-14374.00,35.935,False
rush_hour_control,fixed_10,49,-13156.00,32.890,False
off_peak_control,ppo,0,-665.00,1.663,True
off_peak_control,ppo,1,-721.00,1.802,True
off_peak_control,ppo,2,-661.00,1.653,True
off_peak_control,ppo,3,-679.00,1.698,True
off_peak_control,ppo,4,-742.00,1.855,True
off_peak_control,ppo,5,-575.00,1.438,True
off_peak_control,ppo,6,-721.00,1.802,True
off_peak_control,ppo,7,-740.00,1.850,True
off_peak_control,ppo,8,-628.00,1.570,True
off_peak_control,ppo,9,-672.00,1.680,True
off_peak_control,ppo,10,-593.00,1.482,True
off_peak_control,ppo,11,-719.00,1.798,True
off_peak_control,ppo,12,-724.00,1.810,True
off_peak_control,ppo,13,-598.00,1.495,True
off_peak_control,ppo,14,-717.00,1.792,True
off_peak_control,ppo,15,-599.00,1.498,True
off_peak_control,ppo,16,-569.00,1.423,True
off_peak_control,ppo,17,-765.00,1.913,True
off_peak_control,ppo,18,-664.00,1.660,True
off_peak_control,ppo,19,-605.00,1.512,True
off_peak_control,ppo,20,-753.00,1.883,True
off_peak_control,ppo,21,-699.00,1.748,True
off_peak_control,ppo,22,-689.00,1.722,True
off_peak_control,ppo,23,-568.00,1.420,True
off_peak_control,ppo,24,-817.00,2.042,True
off_peak_control,ppo,25,-742.00,1.855,True
off_peak_control,ppo,26,-736.00,1.840,True
off_peak_control,ppo,27,-758.00,1.895,True
off_peak_control,ppo,28,-730.00,1.825,True
off_peak_control,ppo,29,-668.00,1.670,True
off_peak_control,ppo,30,-659.00,1.647,True
off_peak_control,ppo,31,-644.00,1.610,True
off_peak_control,ppo,32,-678.00,1.695,True
off_peak_control,ppo,33,-809.00,2.022,True
off_peak_control,ppo,34,-694.00,1.735,True
off_peak_control,ppo,35,-714.00,1.785,True
off_peak_control,ppo,36,-595.00,1.488,True
off_peak_control,ppo,37,-654.00,1.635,True
off_peak_control,ppo,38,-731.00,1.827,True
off_peak_control,ppo,39,-805.00,2.013,True
off_peak_control,ppo,40,-742.00,1.855,True
off_peak_control,ppo,41,-676.00,1.690,True
off_peak_control,ppo,42,-601.00,1.502,True
off_peak_control,ppo,43,-754.00,1.885,True
off_peak_control,ppo,44,-711.00,1.778,True
off_peak_control,ppo,45,-702.00,1.755,True
off_peak_control,ppo,46,-648.00,1.620,True
off_peak_control,ppo,47,-777.00,1.942,True
off_peak_control,ppo,48,-664.00,1.660,True
off_peak_control,ppo,49,-716.00,1.790,True
off_peak_control,greedy,0,-679.00,1.698,True
off_peak_control,greedy,1,-722.00,1.805,True
off_peak_control,greedy,2,-648.00,1.620,True
off_peak_control,greedy,3,-698.00,1.745,True
off_peak_control,greedy,4,-726.00,1.815,True
off_peak_control,greedy,5,-578.00,1.445,True
off_peak_control,greedy,6,-729.00,1.823,True
off_peak_control,greedy,7,-763.00,1.907,True
off_peak_control,greedy,8,-625.00,1.562,True
off_peak_control,greedy,9,-666.00,1.665,True
off_peak_control,greedy,10,-588.00,1.470,True
off_peak_control,greedy,11,-691.00,1.728,True
off_peak_control,greedy,12,-705.00,1.762,True
off_peak_control,greedy,13,-588.00,1.470,True
off_peak_control,greedy,14,-710.00,1.775,True
off_peak_control,greedy,15,-605.00,1.512,True
off_peak_control,greedy,16,-569.00,1.423,True
off_peak_control,greedy,17,-783.00,1.958,True
off_peak_control,greedy,18,-664.00,1.660,True
off_peak_control,greedy,19,-599.00,1.498,True
off_peak_control,greedy,20,-753.00,1.883,True
off_peak_control,greedy,21,-704.00,1.760,True
off_peak_control,greedy,22,-683.00,1.708,True
off_peak_control,greedy,23,-551.00,1.377,True
off_peak_control,greedy,24,-830.00,2.075,True
off_peak_control,greedy,25,-757.00,1.893,True
off_peak_control,greedy,26,-748.00,1.870,True
off_peak_control,greedy,27,-774.00,1.935,True
off_peak_control,greedy,28,-737.00,1.843,True
off_peak_control,greedy,29,-681.00,1.702,True
off_peak_control,greedy,30,-663.00,1.657,True
off_peak_control,greedy,31,-663.00,1.657,True
off_peak_control,greedy,32,-701.00,1.752,True
off_peak_control,greedy,33,-808.00,2.020,True
off_peak_control,greedy,34,-690.00,1.725,True
off_peak_control,greedy,35,-731.00,1.827,True
off_peak_control,greedy,36,-616.00,1.540,True
off_peak_control,greedy,37,-653.00,1.633,True
off_peak_control,greedy,38,-723.00,1.808,True
off_peak_control,greedy,39,-780.00,1.950,True
off_peak_control,greedy,40,-770.00,1.925,True
off_peak_control,greedy,41,-697.00,1.742,True
off_peak_control,greedy,42,-602.00,1.505,True
off_peak_control,greedy,43,-748.00,1.870,True
off_peak_control,greedy,44,-702.00,1.755,True
off_peak_control,greedy,45,-683.00,1.708,True
off_peak_control,greedy,46,-634.00,1.585,True
off_peak_control,greedy,47,-780.00,1.950,True
off_peak_control,greedy,48,-660.00,1.650,True
off_peak_control,greedy,49,-709.00,1.772,True
off_peak_control,fixed_1,0,-782.00,1.955,True
off_peak_control,fixed_1,1,-745.00,1.863,True
off_peak_control,fixed_1,2,-735.00,1.837,True
off_peak_control,fixed_1,3,-725.00,1.812,True
off_peak_control,fixed_1,4,-833.00,2.083,True
off_peak_control,fixed_1,5,-625.00,1.562,True
off_peak_control,fixed_1,6,-825.00,2.062,True
off_peak_control,fixed_1,7,-848.00,2.120,True
off_peak_control,fixed_1,8,-700.00,1.750,True
off_peak_control,fixed_1,9,-743.00,1.857,True
off_peak_control,fixed_1,10,-632.00,1.580,True
off_peak_control,fixed_1,11,-948.00,2.370,True
off_peak_control,fixed_1,12,-822.00,2.055,True
off_peak_control,fixed_1,13,-632.00,1.580,True
off_peak_control,fixed_1,14,-776.00,1.940,True
off_peak_control,fixed_1,15,-672.00,1.680,True
off_peak_control,fixed_1,16,-689.00,1.722,True
off_peak_control,fixed_1,17,-877.00,2.192,True
off_peak_control,fixed_1,18,-721.00,1.802,True
off_peak_control,fixed_1,19,-644.00,1.610,True
off_peak_control,fixed_1,20,-813.00,2.033,True
off_peak_control,fixed_1,21,-787.00,1.968,True
off_peak_control,fixed_1,22,-746.00,1.865,True
off_peak_control,fixed_1,23,-610.00,1.525,True
off_peak_control,fixed_1,24,-876.00,2.190,True
off_peak_control,fixed_1,25,-811.00,2.027,True
off_peak_control,fixed_1,26,-830.00,2.075,True
off_peak_control,fixed_1,27,-797.00,1.992,True
off_peak_control,fixed_1,28,-830.00,2.075,True
off_peak_control,fixed_1,29,-802.00,2.005,True
off_peak_control,fixed_1,30,-739.00,1.847,True
off_peak_control,fixed_1,31,-688.00,1.720,True
off_peak_control,fixed_1,32,-796.00,1.990,True
off_peak_control,fixed_1,33,-988.00,2.470,True
off_peak_control,fixed_1,34,-758.00,1.895,True
off_peak_control,fixed_1,35,-792.00,1.980,True
off_peak_control,fixed_1,36,-725.00,1.812,True
off_peak_control,fixed_1,37,-767.00,1.917,True
off_peak_control,fixed_1,38,-829.00,2.072,True
off_peak_control,fixed_1,39,-906.00,2.265,True
off_peak_control,fixed_1,40,-846.00,2.115,True
off_peak_control,fixed_1,41,-717.00,1.792,True
off_peak_control,fixed_1,42,-744.00,1.860,True
off_peak_control,fixed_1,43,-846.00,2.115,True
off_peak_control,fixed_1,44,-857.00,2.143,True
off_peak_control,fixed_1,45,-797.00,1.992,True
off_peak_control,fixed_1,46,-716.00,1.790,True
off_peak_control,fixed_1,47,-834.00,2.085,True
off_peak_control,fixed_1,48,-752.00,1.880,True
off_peak_control,fixed_1,49,-870.00,2.175,True
off_peak_control,fixed_2,0,-882.00,2.205,True
off_peak_control,fixed_2,1,-864.00,2.160,True
off_peak_control,fixed_2,2,-831.00,2.078,True
off_peak_control,fixed_2,3,-856.00,2.140,True
off_peak_control,fixed_2,4,-899.00,2.248,True
off_peak_control,fixed_2,5,-735.00,1.837,True
off_peak_control,fixed_2,6,-992.00,2.480,True
off_peak_control,fixed_2,7,-976.00,2.440,True
off_peak_control,fixed_2,8,-805.00,2.013,True
off_peak_control,fixed_2,9,-878.00,2.195,True
off_peak_control,fixed_2,10,-700.00,1.750,True
off_peak_control,fixed_2,11,-996.00,2.490,True
off_peak_control,fixed_2,12,-981.00,2.453,True
off_peak_control,fixed_2,13,-722.00,1.805,True
off_peak_control,fixed_2,14,-876.00,2.190,True
off_peak_control,fixed_2,15,-800.00,2.000,True
off_peak_control,fixed_2,16,-757.00,1.893,True
off_peak_control,fixed_2,17,-953.00,2.382,True
off_peak_control,fixed_2,18,-826.00,2.065,True
off_peak_control,fixed_2,19,-787.00,1.968,True
off_peak_control,fixed_2,20,-947.00,2.368,True
off_peak_control,fixed_2,21,-897.00,2.243,True
off_peak_control,fixed_2,22,-858.00,2.145,True
off_peak_control,fixed_2,23,-708.00,1.770,True
off_peak_control,fixed_2,24,-1021.00,2.553,True
off_peak_control,fixed_2,25,-975.00,2.438,True
off_peak_control,fixed_2,26,-916.00,2.290,True
off_peak_control,fixed_2,27,-945.00,2.362,True
off_peak_control,fixed_2,28,-956.00,2.390,True
off_peak_control,fixed_2,29,-852.00,2.130,True
off_peak_control,fixed_2,30,-828.00,2.070,True
off_peak_control,fixed_2,31,-808.00,2.020,True
off_peak_control,fixed_2,32,-841.00,2.103,True
off_peak_control,fixed_2,33,-1063.00,2.658,True
off_peak_control,fixed_2,34,-843.00,2.107,True
off_peak_control,fixed_2,35,-907.00,2.268,True
off_peak_control,fixed_2,36,-831.00,2.078,True
off_peak_control,fixed_2,37,-911.00,2.277,True
off_peak_control,fixed_2,38,-923.00,2.308,True
off_peak_control,fixed_2,39,-985.00,2.462,True
off_peak_control,fixed_2,40,-987.00,2.467,True
off_peak_control,fixed_2,41,-832.00,2.080,True
off_peak_control,fixed_2,42,-774.00,1.935,True
off_peak_control,fixed_2,43,-905.00,2.263,True
off_peak_control,fixed_2,44,-974.00,2.435,True
off_peak_control,fixed_2,45,-902.00,2.255,True
off_peak_control,fixed_2,46,-797.00,1.992,True
off_peak_control,fixed_2,47,-941.00,2.353,True
off_peak_control,fixed_2,48,-883.00,2.208,True
off_peak_control,fixed_2,49,-944.00,2.360,True
off_peak_control,fixed_3,0,-1007.00,2.518,True
off_peak_control,fixed_3,1,-988.00,2.470,True
off_peak_control,fixed_3,2,-917.00,2.292,True
off_peak_control,fixed_3,3,-936.00,2.340,True
off_peak_control,fixed_3,4,-1049.00,2.623,True
off_peak_control,fixed_3,5,-818.00,2.045,True
off_peak_control,fixed_3,6,-1071.00,2.678,True
off_peak_control,fixed_3,7,-1079.00,2.697,True
off_peak_control,fixed_3,8,-932.00,2.330,True
off_peak_control,fixed_3,9,-946.00,2.365,True
off_peak_control,fixed_3,10,-856.00,2.140,True
off_peak_control,fixed_3,11,-1137.00,2.842,True
off_peak_control,fixed_3,12,-1050.00,2.625,True
off_peak_control,fixed_3,13,-840.00,2.100,True
off_peak_control,fixed_3,14,-933.00,2.333,True
off_peak_control,fixed_3,15,-822.00,2.055,True
off_peak_control,fixed_3,16,-901.00,2.252,True
off_peak_control,fixed_3,17,-1149.00,2.873,True
off_peak_control,fixed_3,18,-887.00,2.217,True
off_peak_control,fixed_3,19,-916.00,2.290,True
off_peak_control,fixed_3,20,-1029.00,2.572,True
off_peak_control,fixed_3,21,-976.00,2.440,True
off_peak_control,fixed_3,22,-957.00,2.393,True
off_peak_control,fixed_3,23,-823.00,2.058,True
off_peak_control,fixed_3,24,-1110.00,2.775,True
off_peak_control,fixed_3,25,-1079.00,2.697,True
off_peak_control,fixed_3,26,-1037.00,2.592,True
off_peak_control,fixed_3,27,-991.00,2.478,True
off_peak_control,fixed_3,28,-1052.00,2.630,True
off_peak_control,fixed_3,29,-955.00,2.388,True
off_peak_control,fixed_3,30,-965.00,2.413,True
off_peak_control,fixed_3,31,-917.00,2.292,True
off_peak_control,fixed_3,32,-953.00,2.382,True
off_peak_control,fixed_3,33,-1353.00,3.382,True
off_peak_control,fixed_3,34,-945.00,2.362,True
off_peak_control,fixed_3,35,-1054.00,2.635,True
off_peak_control,fixed_3,36,-887.00,2.217,True
off_peak_control,fixed_3,37,-1005.00,2.513,True
off_peak_control,fixed_3,38,-1038.00,2.595,True
off_peak_control,fixed_3,39,-1180.00,2.950,True
off_peak_control,fixed_3,40,-1078.00,2.695,True
off_peak_control,fixed_3,41,-992.00,2.480,True
off_peak_control,fixed_3,42,-1047.00,2.618,True
off_peak_control,fixed_3,43,-1050.00,2.625,True
off_peak_control,fixed_3,44,-1120.00,2.800,True
off_peak_control,fixed_3,45,-1041.00,2.603,True
off_peak_control,fixed_3,46,-895.00,2.237,True
off_peak_control,fixed_3,47,-999.00,2.498,True
off_peak_control,fixed_3,48,-916.00,2.290,True
off_peak_control,fixed_3,49,-1104.00,2.760,True
off_peak_control,fixed_5,0,-1239.00,3.098,True
off_peak_control,fixed_5,1,-1251.00,3.127,True
off_peak_control,fixed_5,2,-1132.00,2.830,True
off_peak_control,fixed_5,3,-1133.00,2.833,True
off_peak_control,fixed_5,4,-1221.00,3.053,True
off_peak_control,fixed_5,5,-1013.00,2.533,True
off_peak_control,fixed_5,6,-1290.00,3.225,True
off_peak_control,fixed_5,7,-1367.00,3.417,True
off_peak_control,fixed_5,8,-1204.00,3.010,True
off_peak_control,fixed_5,9,-1243.00,3.107,True
off_peak_control,fixed_5,10,-1040.00,2.600,True
off_peak_control,fixed_5,11,-1390.00,3.475,True
off_peak_control,fixed_5,12,-1251.00,3.127,True
off_peak_control,fixed_5,13,-1153.00,2.882,True
off_peak_control,fixed_5,14,-1282.00,3.205,True
off_peak_control,fixed_5,15,-1175.00,2.938,True
off_peak_control,fixed_5,16,-1186.00,2.965,True
off_peak_control,fixed_5,17,-1402.00,3.505,True
off_peak_control,fixed_5,18,-1196.00,2.990,True
off_peak_control,fixed_5,19,-1052.00,2.630,True
off_peak_control,fixed_5,20,-1422.00,3.555,True
off_peak_control,fixed_5,21,-1323.00,3.308,True
off_peak_control,fixed_5,22,-1186.00,2.965,True
off_peak_control,fixed_5,23,-1144.00,2.860,True
off_peak_control,fixed_5,24,-1351.00,3.377,True
off_peak_control,fixed_5,25,-1395.00,3.487,True
off_peak_control,fixed_5,26,-1335.00,3.337,True
off_peak_control,fixed_5,27,-1329.00,3.322,True
off_peak_control,fixed_5,28,-1371.00,3.428,True
off_peak_control,fixed_5,29,-1207.00,3.018,True
off_peak_control,fixed_5,30,-1273.00,3.183,True
off_peak_control,fixed_5,31,-1091.00,2.728,True
off_peak_control,fixed_5,32,-1304.00,3.260,True
off_peak_control,fixed_5,33,-1458.00,3.645,True
off_peak_control,fixed_5,34,-1183.00,2.958,True
off_peak_control,fixed_5,35,-1370.00,3.425,True
off_peak_control,fixed_5,36,-1153.00,2.882,True
off_peak_control,fixed_5,37,-1323.00,3.308,True
off_peak_control,fixed_5,38,-1366.00,3.415,True
off_peak_control,fixed_5,39,-1515.00,3.788,True
off_peak_control,fixed_5,40,-1402.00,3.505,True
off_peak_control,fixed_5,41,-1189.00,2.973,True
off_peak_control,fixed_5,42,-1188.00,2.970,True
off_peak_control,fixed_5,43,-1339.00,3.348,True
off_peak_control,fixed_5,44,-1491.00,3.728,True
off_peak_control,fixed_5,45,-1268.00,3.170,True
off_peak_control,fixed_5,46,-1117.00,2.792,True
off_peak_control,fixed_5,47,-1357.00,3.393,True
off_peak_control,fixed_5,48,-1326.00,3.315,True
off_peak_control,fixed_5,49,-1341.00,3.353,True
off_peak_control,fixed_10,0,-1976.00,4.940,True
off_peak_control,fixed_10,1,-2159.00,5.397,False
off_peak_control,fixed_10,2,-1743.00,4.357,True
off_peak_control,fixed_10,3,-1860.00,4.650,True
off_peak_control,fixed_10,4,-1909.00,4.772,True
off_peak_control,fixed_10,5,-1671.00,4.178,True
off_peak_control,fixed_10,6,-2071.00,5.178,False
off_peak_control,fixed_10,7,-2213.00,5.532,False
off_peak_control,fixed_10,8,-1987.00,4.968,True
off_peak_control,fixed_10,9,-1969.00,4.923,True
off_peak_control,fixed_10,10,-1631.00,4.077,True
off_peak_control,fixed_10,11,-2066.00,5.165,False
off_peak_control,fixed_10,12,-2129.00,5.322,False
off_peak_control,fixed_10,13,-1798.00,4.495,True
off_peak_control,fixed_10,14,-1955.00,4.888,True
off_peak_control,fixed_10,15,-1811.00,4.527,True
off_peak_control,fixed_10,16,-1774.00,4.435,True
off_peak_control,fixed_10,17,-2181.00,5.452,False
off_peak_control,fixed_10,18,-1969.00,4.923,True
off_peak_control,fixed_10,19,-2003.00,5.008,False
off_peak_control,fixed_10,20,-2186.00,5.465,False
off_peak_control,fixed_10,21,-2074.00,5.185,False
off_peak_control,fixed_10,22,-1996.00,4.990,True
off_peak_control,fixed_10,23,-1750.00,4.375,True
off_peak_control,fixed_10,24,-2105.00,5.263,False
off_peak_control,fixed_10,25,-2328.00,5.820,False
off_peak_control,fixed_10,26,-1911.00,4.777,True
off_peak_control,fixed_10,27,-2117.00,5.293,False
off_peak_control,fixed_10,28,-2198.00,5.495,False
off_peak_control,fixed_10,29,-1915.00,4.787,True
off_peak_control,fixed_10,30,-1858.00,4.645,True
off_peak_control,fixed_10,31,-1783.00,4.457,True
off_peak_control,fixed_10,32,-1920.00,4.800,True
off_peak_control,fixed_10,33,-2257.00,5.643,False
off_peak_control,fixed_10,34,-1966.00,4.915,True
off_peak_control,fixed_10,35,-2323.00,5.808,False
off_peak_control,fixed_10,36,-1985.00,4.963,True
off_peak_control,fixed_10,37,-1834.00,4.585,True
off_peak_control,fixed_10,38,-2092.00,5.230,False
off_peak_control,fixed_10,39,-2111.00,5.277,False
off_peak_control,fixed_10,40,-2233.00,5.582,False
off_peak_control,fixed_10,41,-1967.00,4.918,True
off_peak_control,fixed_10,42,-1743.00,4.357,True
off_peak_control,fixed_10,43,-2022.00,5.055,False
off_peak_control,fixed_10,44,-2059.00,5.147,False
off_peak_control,fixed_10,45,-2070.00,5.175,False
off_peak_control,fixed_10,46,-1874.00,4.685,True
off_peak_control,fixed_10,47,-2134.00,5.335,False
off_peak_control,fixed_10,48,-1963.00,4.907,True
off_peak_control,fixed_10,49,-2254.00,5.635,False
sustained_flow,ppo,0,-756.00,1.890,True
sustained_flow,ppo,1,-683.00,1.708,True
sustained_flow,ppo,2,-700.00,1.750,True
sustained_flow,ppo,3,-691.00,1.728,True
sustained_flow,ppo,4,-685.00,1.712,True
sustained_flow,ppo,5,-619.00,1.548,True
sustained_flow,ppo,6,-814.00,2.035,True
sustained_flow,ppo,7,-741.00,1.853,True
sustained_flow,ppo,8,-680.00,1.700,True
sustained_flow,ppo,9,-658.00,1.645,True
sustained_flow,ppo,10,-630.00,1.575,True
sustained_flow,ppo,11,-735.00,1.837,True
sustained_flow,ppo,12,-758.00,1.895,True
sustained_flow,ppo,13,-664.00,1.660,True
sustained_flow,ppo,14,-705.00,1.762,True
sustained_flow,ppo,15,-628.00,1.570,True
sustained_flow,ppo,16,-587.00,1.468,True
sustained_flow,ppo,17,-817.00,2.042,True
sustained_flow,ppo,18,-732.00,1.830,True
sustained_flow,ppo,19,-661.00,1.653,True
sustained_flow,ppo,20,-737.00,1.843,True
sustained_flow,ppo,21,-715.00,1.788,True
sustained_flow,ppo,22,-696.00,1.740,True
sustained_flow,ppo,23,-590.00,1.475,True
sustained_flow,ppo,24,-985.00,2.462,True
sustained_flow,ppo,25,-805.00,2.013,True
sustained_flow,ppo,26,-803.00,2.007,True
sustained_flow,ppo,27,-829.00,2.072,True
sustained_flow,ppo,28,-868.00,2.170,True
sustained_flow,ppo,29,-770.00,1.925,True
sustained_flow,ppo,30,-711.00,1.778,True
sustained_flow,ppo,31,-640.00,1.600,True
sustained_flow,ppo,32,-766.00,1.915,True
sustained_flow,ppo,33,-830.00,2.075,True
sustained_flow,ppo,34,-710.00,1.775,True
sustained_flow,ppo,35,-781.00,1.952,True
sustained_flow,ppo,36,-619.00,1.548,True
sustained_flow,ppo,37,-799.00,1.998,True
sustained_flow,ppo,38,-806.00,2.015,True
sustained_flow,ppo,39,-906.00,2.265,True
sustained_flow,ppo,40,-854.00,2.135,True
sustained_flow,ppo,41,-691.00,1.728,True
sustained_flow,ppo,42,-639.00,1.597,True
sustained_flow,ppo,43,-776.00,1.940,True
sustained_flow,ppo,44,-815.00,2.038,True
sustained_flow,ppo,45,-694.00,1.735,True
sustained_flow,ppo,46,-690.00,1.725,True
sustained_flow,ppo,47,-770.00,1.925,True
sustained_flow,ppo,48,-691.00,1.728,True
sustained_flow,ppo,49,-974.00,2.435,True
sustained_flow,greedy,0,-751.00,1.877,True
sustained_flow,greedy,1,-700.00,1.750,True
sustained_flow,greedy,2,-678.00,1.695,True
sustained_flow,greedy,3,-693.00,1.732,True
sustained_flow,greedy,4,-686.00,1.715,True
sustained_flow,greedy,5,-626.00,1.565,True
sustained_flow,greedy,6,-824.00,2.060,True
sustained_flow,greedy,7,-742.00,1.855,True
sustained_flow,greedy,8,-679.00,1.698,True
sustained_flow,greedy,9,-644.00,1.610,True
sustained_flow,greedy,10,-628.00,1.570,True
sustained_flow,greedy,11,-745.00,1.863,True
sustained_flow,greedy,12,-734.00,1.835,True
sustained_flow,greedy,13,-663.00,1.657,True
sustained_flow,greedy,14,-700.00,1.750,True
sustained_flow,greedy,15,-635.00,1.587,True
sustained_flow,greedy,16,-587.00,1.468,True
sustained_flow,greedy,17,-795.00,1.988,True
sustained_flow,greedy,18,-730.00,1.825,True
sustained_flow,greedy,19,-657.00,1.643,True
sustained_flow,greedy,20,-780.00,1.950,True
sustained_flow,greedy,21,-724.00,1.810,True
sustained_flow,greedy,22,-706.00,1.765,True
sustained_flow,greedy,23,-598.00,1.495,True
sustained_flow,greedy,24,-979.00,2.447,True
sustained_flow,greedy,25,-818.00,2.045,True
sustained_flow,greedy,26,-808.00,2.020,True
sustained_flow,greedy,27,-812.00,2.030,True
sustained_flow,greedy,28,-853.00,2.132,True
sustained_flow,greedy,29,-756.00,1.890,True
sustained_flow,greedy,30,-688.00,1.720,True
sustained_flow,greedy,31,-646.00,1.615,True
sustained_flow,greedy,32,-767.00,1.917,True
sustained_flow,greedy,33,-833.00,2.083,True
sustained_flow,greedy,34,-688.00,1.720,True
sustained_flow,greedy,35,-780.00,1.950,True
sustained_flow,greedy,36,-635.00,1.587,True
sustained_flow,greedy,37,-795.00,1.988,True
sustained_flow,greedy,38,-786.00,1.965,True
sustained_flow,greedy,39,-901.00,2.252,True
sustained_flow,greedy,40,-862.00,2.155,True
sustained_flow,greedy,41,-713.00,1.782,True
sustained_flow,greedy,42,-638.00,1.595,True
sustained_flow,greedy,43,-776.00,1.940,True
sustained_flow,greedy,44,-789.00,1.972,True
sustained_flow,greedy,45,-704.00,1.760,True
sustained_flow,greedy,46,-670.00,1.675,True
sustained_flow,greedy,47,-765.00,1.913,True
sustained_flow,greedy,48,-686.00,1.715,True
sustained_flow,greedy,49,-977.00,2.442,True
sustained_flow,fixed_1,0,-803.00,2.007,True
sustained_flow,fixed_1,1,-762.00,1.905,True
sustained_flow,fixed_1,2,-791.00,1.978,True
sustained_flow,fixed_1,3,-774.00,1.935,True
sustained_flow,fixed_1,4,-810.00,2.025,True
sustained_flow,fixed_1,5,-677.00,1.692,True
sustained_flow,fixed_1,6,-952.00,2.380,True
sustained_flow,fixed_1,7,-872.00,2.180,True
sustained_flow,fixed_1,8,-796.00,1.990,True
sustained_flow,fixed_1,9,-736.00,1.840,True
sustained_flow,fixed_1,10,-731.00,1.827,True
sustained_flow,fixed_1,11,-978.00,2.445,True
sustained_flow,fixed_1,12,-931.00,2.328,True
sustained_flow,fixed_1,13,-725.00,1.812,True
sustained_flow,fixed_1,14,-772.00,1.930,True
sustained_flow,fixed_1,15,-684.00,1.710,True
sustained_flow,fixed_1,16,-678.00,1.695,True
sustained_flow,fixed_1,17,-898.00,2.245,True
sustained_flow,fixed_1,18,-772.00,1.930,True
sustained_flow,fixed_1,19,-741.00,1.853,True
sustained_flow,fixed_1,20,-895.00,2.237,True
sustained_flow,fixed_1,21,-822.00,2.055,True
sustained_flow,fixed_1,22,-807.00,2.018,True
sustained_flow,fixed_1,23,-651.00,1.627,True
sustained_flow,fixed_1,24,-1101.00,2.752,True
sustained_flow,fixed_1,25,-923.00,2.308,True
sustained_flow,fixed_1,26,-933.00,2.333,True
sustained_flow,fixed_1,27,-937.00,2.342,True
sustained_flow,fixed_1,28,-933.00,2.333,True
sustained_flow,fixed_1,29,-861.00,2.152,True
sustained_flow,fixed_1,30,-786.00,1.965,True
sustained_flow,fixed_1,31,-723.00,1.808,True
sustained_flow,fixed_1,32,-846.00,2.115,True
sustained_flow,fixed_1,33,-1038.00,2.595,True
sustained_flow,fixed_1,34,-865.00,2.163,True
sustained_flow,fixed_1,35,-938.00,2.345,True
sustained_flow,fixed_1,36,-760.00,1.900,True
sustained_flow,fixed_1,37,-877.00,2.192,True
sustained_flow,fixed_1,38,-913.00,2.283,True
sustained_flow,fixed_1,39,-995.00,2.487,True
sustained_flow,fixed_1,40,-948.00,2.370,True
sustained_flow,fixed_1,41,-772.00,1.930,True
sustained_flow,fixed_1,42,-769.00,1.923,True
sustained_flow,fixed_1,43,-876.00,2.190,True
sustained_flow,fixed_1,44,-838.00,2.095,True
sustained_flow,fixed_1,45,-782.00,1.955,True
sustained_flow,fixed_1,46,-746.00,1.865,True
sustained_flow,fixed_1,47,-842.00,2.105,True
sustained_flow,fixed_1,48,-787.00,1.968,True
sustained_flow,fixed_1,49,-1107.00,2.768,True
sustained_flow,fixed_2,0,-872.00,2.180,True
sustained_flow,fixed_2,1,-848.00,2.120,True
sustained_flow,fixed_2,2,-854.00,2.135,True
sustained_flow,fixed_2,3,-855.00,2.138,True
sustained_flow,fixed_2,4,-960.00,2.400,True
sustained_flow,fixed_2,5,-768.00,1.920,True
sustained_flow,fixed_2,6,-1046.00,2.615,True
sustained_flow,fixed_2,7,-987.00,2.467,True
sustained_flow,fixed_2,8,-835.00,2.087,True
sustained_flow,fixed_2,9,-862.00,2.155,True
sustained_flow,fixed_2,10,-819.00,2.047,True
sustained_flow,fixed_2,11,-1031.00,2.578,True
sustained_flow,fixed_2,12,-1018.00,2.545,True
sustained_flow,fixed_2,13,-760.00,1.900,True
sustained_flow,fixed_2,14,-934.00,2.335,True
sustained_flow,fixed_2,15,-820.00,2.050,True
sustained_flow,fixed_2,16,-803.00,2.007,True
sustained_flow,fixed_2,17,-1027.00,2.567,True
sustained_flow,fixed_2,18,-890.00,2.225,True
sustained_flow,fixed_2,19,-816.00,2.040,True
sustained_flow,fixed_2,20,-966.00,2.415,True
sustained_flow,fixed_2,21,-929.00,2.322,True
sustained_flow,fixed_2,22,-913.00,2.283,True
sustained_flow,fixed_2,23,-710.00,1.775,True
sustained_flow,fixed_2,24,-1220.00,3.050,True
sustained_flow,fixed_2,25,-1013.00,2.533,True
sustained_flow,fixed_2,26,-1044.00,2.610,True
sustained_flow,fixed_2,27,-1011.00,2.527,True
sustained_flow,fixed_2,28,-1020.00,2.550,True
sustained_flow,fixed_2,29,-980.00,2.450,True
sustained_flow,fixed_2,30,-886.00,2.215,True
sustained_flow,fixed_2,31,-808.00,2.020,True
sustained_flow,fixed_2,32,-954.00,2.385,True
sustained_flow,fixed_2,33,-1121.00,2.803,True
sustained_flow,fixed_2,34,-966.00,2.415,True
sustained_flow,fixed_2,35,-1069.00,2.672,True
sustained_flow,fixed_2,36,-861.00,2.152,True
sustained_flow,fixed_2,37,-947.00,2.368,True
sustained_flow,fixed_2,38,-990.00,2.475,True
sustained_flow,fixed_2,39,-1074.00,2.685,True
sustained_flow,fixed_2,40,-1038.00,2.595,True
sustained_flow,fixed_2,41,-834.00,2.085,True
sustained_flow,fixed_2,42,-817.00,2.042,True
sustained_flow,fixed_2,43,-966.00,2.415,True
sustained_flow,fixed_2,44,-984.00,2.460,True
sustained_flow,fixed_2,45,-889.00,2.223,True
sustained_flow,fixed_2,46,-844.00,2.110,True
sustained_flow,fixed_2,47,-930.00,2.325,True
sustained_flow,fixed_2,48,-846.00,2.115,True
sustained_flow,fixed_2,49,-1130.00,2.825,True
sustained_flow,fixed_3,0,-1028.00,2.570,True
sustained_flow,fixed_3,1,-989.00,2.473,True
sustained_flow,fixed_3,2,-1004.00,2.510,True
sustained_flow,fixed_3,3,-988.00,2.470,True
sustained_flow,fixed_3,4,-1014.00,2.535,True
sustained_flow,fixed_3,5,-870.00,2.175,True
sustained_flow,fixed_3,6,-1180.00,2.950,True
sustained_flow,fixed_3,7,-1155.00,2.888,True
sustained_flow,fixed_3,8,-926.00,2.315,True
sustained_flow,fixed_3,9,-1010.00,2.525,True
sustained_flow,fixed_3,10,-969.00,2.422,True
sustained_flow,fixed_3,11,-1135.00,2.837,True
sustained_flow,fixed_3,12,-1149.00,2.873,True
sustained_flow,fixed_3,13,-929.00,2.322,True
sustained_flow,fixed_3,14,-1051.00,2.627,True
sustained_flow,fixed_3,15,-904.00,2.260,True
sustained_flow,fixed_3,16,-885.00,2.212,True
sustained_flow,fixed_3,17,-1156.00,2.890,True
sustained_flow,fixed_3,18,-1014.00,2.535,True
sustained_flow,fixed_3,19,-915.00,2.288,True
sustained_flow,fixed_3,20,-1055.00,2.638,True
sustained_flow,fixed_3,21,-1102.00,2.755,True
sustained_flow,fixed_3,22,-990.00,2.475,True
sustained_flow,fixed_3,23,-881.00,2.203,True
sustained_flow,fixed_3,24,-1326.00,3.315,True
sustained_flow,fixed_3,25,-1146.00,2.865,True
sustained_flow,fixed_3,26,-1160.00,2.900,True
sustained_flow,fixed_3,27,-1111.00,2.777,True
sustained_flow,fixed_3,28,-1138.00,2.845,True
sustained_flow,fixed_3,29,-1064.00,2.660,True
sustained_flow,fixed_3,30,-1037.00,2.592,True
sustained_flow,fixed_3,31,-971.00,2.428,True
sustained_flow,fixed_3,32,-1057.00,2.643,True
sustained_flow,fixed_3,33,-1303.00,3.257,True
sustained_flow,fixed_3,34,-1082.00,2.705,True
sustained_flow,fixed_3,35,-1138.00,2.845,True
sustained_flow,fixed_3,36,-959.00,2.397,True
sustained_flow,fixed_3,37,-1025.00,2.562,True
sustained_flow,fixed_3,38,-1039.00,2.598,True
sustained_flow,fixed_3,39,-1263.00,3.158,True
sustained_flow,fixed_3,40,-1179.00,2.947,True
sustained_flow,fixed_3,41,-1027.00,2.567,True
sustained_flow,fixed_3,42,-945.00,2.362,True
sustained_flow,fixed_3,43,-1111.00,2.777,True
sustained_flow,fixed_3,44,-1098.00,2.745,True
sustained_flow,fixed_3,45,-1047.00,2.618,True
sustained_flow,fixed_3,46,-917.00,2.292,True
sustained_flow,fixed_3,47,-1138.00,2.845,True
sustained_flow,fixed_3,48,-1020.00,2.550,True
sustained_flow,fixed_3,49,-1228.00,3.070,True
sustained_flow,fixed_5,0,-1261.00,3.152,True
sustained_flow,fixed_5,1,-1169.00,2.922,True
sustained_flow,fixed_5,2,-1293.00,3.232,True
sustained_flow,fixed_5,3,-1283.00,3.208,True
sustained_flow,fixed_5,4,-1181.00,2.953,True
sustained_flow,fixed_5,5,-1056.00,2.640,True
sustained_flow,fixed_5,6,-1440.00,3.600,True
sustained_flow,fixed_5,7,-1314.00,3.285,True
sustained_flow,fixed_5,8,-1247.00,3.118,True
sustained_flow,fixed_5,9,-1137.00,2.842,True
sustained_flow,fixed_5,10,-1211.00,3.027,True
sustained_flow,fixed_5,11,-1416.00,3.540,True
sustained_flow,fixed_5,12,-1382.00,3.455,True
sustained_flow,fixed_5,13,-1110.00,2.775,True
sustained_flow,fixed_5,14,-1306.00,3.265,True
sustained_flow,fixed_5,15,-1162.00,2.905,True
sustained_flow,fixed_5,16,-1179.00,2.947,True
sustained_flow,fixed_5,17,-1415.00,3.538,True
sustained_flow,fixed_5,18,-1312.00,3.280,True
sustained_flow,fixed_5,19,-1207.00,3.018,True
sustained_flow,fixed_5,20,-1239.00,3.098,True
sustained_flow,fixed_5,21,-1289.00,3.223,True
sustained_flow,fixed_5,22,-1452.00,3.630,True
sustained_flow,fixed_5,23,-1162.00,2.905,True
sustained_flow,fixed_5,24,-1623.00,4.058,True
sustained_flow,fixed_5,25,-1386.00,3.465,True
sustained_flow,fixed_5,26,-1456.00,3.640,True
sustained_flow,fixed_5,27,-1260.00,3.150,True
sustained_flow,fixed_5,28,-1427.00,3.567,True
sustained_flow,fixed_5,29,-1329.00,3.322,True
sustained_flow,fixed_5,30,-1323.00,3.308,True
sustained_flow,fixed_5,31,-1207.00,3.018,True
sustained_flow,fixed_5,32,-1416.00,3.540,True
sustained_flow,fixed_5,33,-1562.00,3.905,True
sustained_flow,fixed_5,34,-1449.00,3.623,True
sustained_flow,fixed_5,35,-1503.00,3.757,True
sustained_flow,fixed_5,36,-1282.00,3.205,True
sustained_flow,fixed_5,37,-1343.00,3.357,True
sustained_flow,fixed_5,38,-1451.00,3.627,True
sustained_flow,fixed_5,39,-1641.00,4.103,True
sustained_flow,fixed_5,40,-1450.00,3.625,True
sustained_flow,fixed_5,41,-1265.00,3.163,True
sustained_flow,fixed_5,42,-1289.00,3.223,True
sustained_flow,fixed_5,43,-1462.00,3.655,True
sustained_flow,fixed_5,44,-1373.00,3.433,True
sustained_flow,fixed_5,45,-1238.00,3.095,True
sustained_flow,fixed_5,46,-1152.00,2.880,True
sustained_flow,fixed_5,47,-1330.00,3.325,True
sustained_flow,fixed_5,48,-1310.00,3.275,True
sustained_flow,fixed_5,49,-1413.00,3.533,True
sustained_flow,fixed_10,0,-2027.00,5.067,False
sustained_flow,fixed_10,1,-2059.00,5.147,False
sustained_flow,fixed_10,2,-1916.00,4.790,True
sustained_flow,fixed_10,3,-2163.00,5.407,False
sustained_flow,fixed_10,4,-1968.00,4.920,True
sustained_flow,fixed_10,5,-1834.00,4.585,True
sustained_flow,fixed_10,6,-2257.00,5.643,False
sustained_flow,fixed_10,7,-2034.00,5.085,False
sustained_flow,fixed_10,8,-2030.00,5.075,False
sustained_flow,fixed_10,9,-1843.00,4.607,True
sustained_flow,fixed_10,10,-1819.00,4.548,True
sustained_flow,fixed_10,11,-2200.00,5.500,False
sustained_flow,fixed_10,12,-2346.00,5.865,False
sustained_flow,fixed_10,13,-1774.00,4.435,True
sustained_flow,fixed_10,14,-2144.00,5.360,False
sustained_flow,fixed_10,15,-1914.00,4.785,True
sustained_flow,fixed_10,16,-1850.00,4.625,True
sustained_flow,fixed_10,17,-2369.00,5.923,False
sustained_flow,fixed_10,18,-2102.00,5.255,False
sustained_flow,fixed_10,19,-2047.00,5.117,False
sustained_flow,fixed_10,20,-2113.00,5.282,False
sustained_flow,fixed_10,21,-1996.00,4.990,True
sustained_flow,fixed_10,22,-1962.00,4.905,True
sustained_flow,fixed_10,23,-1735.00,4.338,True
sustained_flow,fixed_10,24,-2356.00,5.890,False
sustained_flow,fixed_10,25,-2079.00,5.197,False
sustained_flow,fixed_10,26,-2040.00,5.100,False
sustained_flow,fixed_10,27,-1916.00,4.790,True
sustained_flow,fixed_10,28,-2163.00,5.407,False
sustained_flow,fixed_10,29,-2021.00,5.053,False
sustained_flow,fixed_10,30,-2032.00,5.080,False
sustained_flow,fixed_10,31,-1756.00,4.390,True
sustained_flow,fixed_10,32,-2331.00,5.827,False
sustained_flow,fixed_10,33,-2452.00,6.130,False
sustained_flow,fixed_10,34,-2144.00,5.360,False
sustained_flow,fixed_10,35,-2437.00,6.093,False
sustained_flow,fixed_10,36,-2124.00,5.310,False
sustained_flow,fixed_10,37,-1966.00,4.915,True
sustained_flow,fixed_10,38,-1980.00,4.950,True
sustained_flow,fixed_10,39,-2241.00,5.603,False
sustained_flow,fixed_10,40,-2190.00,5.475,False
sustained_flow,fixed_10,41,-1894.00,4.735,True
sustained_flow,fixed_10,42,-1827.00,4.567,True
sustained_flow,fixed_10,43,-2370.00,5.925,False
sustained_flow,fixed_10,44,-2295.00,5.737,False
sustained_flow,fixed_10,45,-2069.00,5.173,False
sustained_flow,fixed_10,46,-1882.00,4.705,True
sustained_flow,fixed_10,47,-2061.00,5.152,False
sustained_flow,fixed_10,48,-1997.00,4.992,True
sustained_flow,fixed_10,49,-1998.00,4.995,True
